amex,9421353707,harvey-nichols,0025,,Harvey Nichols,London,SW3 1DB,A
visa,92043263,harvey-nichols,0018,,Harvey Nichols,Liverpool,L1 3DL,A
visa,92042793,harvey-nichols,0009,,Harvey Nichols,Bristol,BS1 3BZ,A
mastercard,19410381,harvey-nichols,0002,,Harvey Nichols,LONDON,W4 4HS,A
visa,51428491,harvey-nichols,0009,,Harvey Nichols,Bristol,BS1 3BZ,A
amex,9424029692,harvey-nichols,0004,,Harvey Nichols,Leeds,LS1 6AZ,A
mastercard,3562313,harvey-nichols,0001,,Harvey Nichols,LONDON,SW1X 7RJ,A
visa,2694231,harvey-nichols,0004,,Harvey Nichols,Leeds,LS1 6AZ,A
amex,9421011339,harvey-nichols,0020,,Harvey Nichols,London,SE1 9PH,A
visa,65010921,harvey-nichols,0025,,Harvey Nichols,London,SW3 1DB,A
amex,9425544541,harvey-nichols,0001,,Harvey Nichols,London,SW3 1DB,A
mastercard,3561503,harvey-nichols,0001,,Harvey Nichols,LONDON,SW1X 7RJ,A
mastercard,3561763,harvey-nichols,0001,,Harvey Nichols,LONDON,SW1X 7RJ,A
amex,9444905814,harvey-nichols,0009,,Harvey Nichols,Bristol,BS1 3BZ,A
visa,62461441,harvey-nichols,0020,,Harvey Nichols,London,SE1 9PH,A
mastercard,3560953,harvey-nichols,0003,,Harvey Nichols,BIRMINGHAM,B1 1RE,A
visa,92042033,harvey-nichols,0005,,Harvey Nichols,Edinburgh,EH2 2AD,A
amex,9447987371,harvey-nichols,0018,,Harvey Nichols,London,W4 4HS,A
mastercard,3562233,harvey-nichols,0001,,Harvey Nichols,LONDON,SW1X 7RJ,A
visa,65069761,harvey-nichols,0018,,Harvey Nichols,London,W4 4HS,A
mastercard,3561923,harvey-nichols,0001,,Harvey Nichols,LONDON,SW1X 7RJ,A
mastercard,3560533,harvey-nichols,0003,,Harvey Nichols,BIRMINGHAM,B1 1RE,A
mastercard,19410201,harvey-nichols,0002,,Harvey Nichols,LONDON,W4 4HS,A
visa,92044153,harvey-nichols,0004,,Harvey Nichols,Leeds,LS1 6AZ,A
mastercard,3563543,harvey-nichols,0001,,Harvey Nichols,LONDON,SW1X 7RJ,A
mastercard,92043263,harvey-nichols,0018,,Harvey Nichols,LIVERPOOL,L1 3DL,A
visa,19410201,harvey-nichols,0002,,Harvey Nichols,London,W4 4HS,A
mastercard,3559923,harvey-nichols,0003,,Harvey Nichols,BIRMINGHAM,B1 1RE,A
visa,05447373,harvey-nichols,0003,,Harvey Nichols,Birmingham,B1 1RE,A
visa,65119011,harvey-nichols,0018,,Harvey Nichols,London,W4 4HS,A
mastercard,11493993,harvey-nichols,0018,,Harvey Nichols,LIVERPOOL,L1 3DL,A
amex,9447988304,harvey-nichols,0018,,Harvey Nichols,London,W4 4HS,A
visa,95049623,harvey-nichols,0003,,Harvey Nichols,Birmingham,B1 1RE,A
amex,9600360903,harvey-nichols,0004,,Harvey Nichols,Leeds,LS1 6AZ,A
visa,88096831,harvey-nichols,0002,,Harvey Nichols,London,W4 4HS,A
mastercard,3560793,harvey-nichols,0003,,Harvey Nichols,BIRMINGHAM,B1 1RE,A
mastercard,51428981,harvey-nichols,0009,,Harvey Nichols,BRISTOL,BS1 3BZ,A
mastercard,3563203,harvey-nichols,0001,,Harvey Nichols,LONDON,SW1X 7RJ,A
mastercard,3562573,harvey-nichols,0001,,Harvey Nichols,LONDON,SW1X 7RJ,A
visa,62456821,harvey-nichols,0004,,Harvey Nichols,Leeds,LS1 6AZ,A
visa,95050313,harvey-nichols,0003,,Harvey Nichols,Birmingham,B1 1RE,A
mastercard,83897021,harvey-nichols,0005,,Harvey Nichols,EDINBURGH,EH2 2AD,A
mastercard,51428491,harvey-nichols,0009,,Harvey Nichols,BRISTOL,BS1 3BZ,A
visa,92042873,harvey-nichols,0002,,Harvey Nichols,London,W4 4HS,A
mastercard,3560873,harvey-nichols,0003,,Harvey Nichols,BIRMINGHAM,B1 1RE,A
mastercard,3164346,harvey-nichols,0004,,Harvey Nichols,LEEDS,LS1 6AZ,A
amex,9420682361,harvey-nichols,0005,,Harvey Nichols,Edinburgh,EH2 2AD,A
amex,9426993077,harvey-nichols,0002,,Harvey Nichols,London,W4 4HS,A
mastercard,3561423,harvey-nichols,0003,,Harvey Nichols,BIRMINGHAM,B1 1RE,A
mastercard,3562733,harvey-nichols,0001,,Harvey Nichols,LONDON,SW1X 7RJ,A
mastercard,3563043,harvey-nichols,0001,,Harvey Nichols,LONDON,SW1X 7RJ,A
visa,92040173,harvey-nichols,0001,,Harvey Nichols,London,SW3 1DB,A
visa,92043503,harvey-nichols,0004,,Harvey Nichols,Leeds,LS1 6AZ,A
mastercard,3553323,harvey-nichols,0001,,Harvey Nichols,LONDON,SW1X 7RJ,A
mastercard,92044153,harvey-nichols,0004,,Harvey Nichols,LEEDS,LS1 6AZ,A
mastercard,3560293,harvey-nichols,0003,,Harvey Nichols,BIRMINGHAM,B1 1RE,A
mastercard,3563383,harvey-nichols,0001,,Harvey Nichols,LONDON,SW1X 7RJ,A
visa,92040913,harvey-nichols,0001,,Harvey Nichols,London,SW3 1DB,A
amex,9427586888,harvey-nichols,0003,,Harvey Nichols,Birmingham,B1 1RE,A
mastercard,3559683,harvey-nichols,0003,,Harvey Nichols,BIRMINGHAM,B1 1RE,A
amex,9420682379,harvey-nichols,0005,,Harvey Nichols,Edinburgh,EH2 2AD,A
visa,56742051,harvey-nichols,0001,,Harvey Nichols,London,SW3 1DB,A
visa,19410381,harvey-nichols,0002,,Harvey Nichols,London,W4 4HS,A
amex,9425638210,harvey-nichols,0006,,Harvey Nichols,Manchester,M1 1AD,A
visa,92044733,harvey-nichols,0006,,Harvey Nichols,Manchester,M1 1AD,A
visa,83897511,harvey-nichols,0005,,Harvey Nichols,Edinburgh,EH2 2AD,A
mastercard,3561843,harvey-nichols,0001,,Harvey Nichols,LONDON,SW1X 7RJ,A
mastercard,83897511,harvey-nichols,0005,,Harvey Nichols,EDINBURGH,EH2 2AD,A
mastercard,3563123,harvey-nichols,0001,,Harvey Nichols,LONDON,SW1X 7RJ,A
visa,57741381,harvey-nichols,0002,,Harvey Nichols,London,W4 4HS,A
visa,87256081,harvey-nichols,0006,,Harvey Nichols,Manchester,M1 1AD,A
visa,80289611,harvey-nichols,0001,,Harvey Nichols,London,SW3 1DB,A
mastercard,3554053,harvey-nichols,0003,,Harvey Nichols,BIRMINGHAM,B1 1RE,A
amex,9423447317,harvey-nichols,0001,,Harvey Nichols,London,SW3 1DB,A
amex,9444905822,harvey-nichols,0009,,Harvey Nichols,Bristol,BS1 3BZ,A
mastercard,3563463,harvey-nichols,0001,,Harvey Nichols,LONDON,SW1X 7RJ,A
visa,92044233,harvey-nichols,0006,,Harvey Nichols,Manchester,M1 1AD,A
visa,82287021,harvey-nichols,0003,,Harvey Nichols,Birmingham,B1 1RE,A
amex,9421011404,harvey-nichols,0004,,Harvey Nichols,Leeds,LS1 6AZ,A
amex,9425638228,harvey-nichols,0006,,Harvey Nichols,Manchester,M1 1AD,A
mastercard,19410461,harvey-nichols,0002,,Harvey Nichols,LONDON,W4 4HS,A
visa,87255901,harvey-nichols,0006,,Harvey Nichols,Manchester,M1 1AD,A
mastercard,3562493,harvey-nichols,0001,,Harvey Nichols,LONDON,SW1X 7RJ,A
mastercard,3560613,harvey-nichols,0003,,Harvey Nichols,BIRMINGHAM,B1 1RE,A
visa,80289201,harvey-nichols,0001,,Harvey Nichols,London,SW3 1DB,A
mastercard,82287021,harvey-nichols,0003,,Harvey Nichols,BIRMINGHAM,B1 1RE,A
mastercard,92040913,harvey-nichols,0001,,Harvey Nichols,LONDON,SW1X 7RJ,A
amex,9448629014,harvey-nichols,0001,,Harvey Nichols,London,SW3 1DB,A
mastercard,3561003,harvey-nichols,0003,,Harvey Nichols,BIRMINGHAM,B1 1RE,A
mastercard,92044733,harvey-nichols,0006,,Harvey Nichols,MANCHESTER,M1 1AD,A
mastercard,3559763,harvey-nichols,0003,,Harvey Nichols,BIRMINGHAM,B1 1RE,A
mastercard,3562993,harvey-nichols,0001,,Harvey Nichols,LONDON,SW1X 7RJ,A
mastercard,95050313,harvey-nichols,0003,,Harvey Nichols,BIRMINGHAM,B1 1RE,A
mastercard,92042033,harvey-nichols,0005,,Harvey Nichols,EDINBURGH,EH2 2AD,A
amex,9421355991,harvey-nichols,0001,,Harvey Nichols,London,SW3 1DB,A
visa,83897021,harvey-nichols,0005,,Harvey Nichols,Edinburgh,EH2 2AD,A
visa,80383251,harvey-nichols,0004,,Harvey Nichols,Leeds,LS1 6AZ,A
mastercard,65069761,harvey-nichols,0018,,Harvey Nichols,LIVERPOOL,L1 3DL,A
visa,19410461,harvey-nichols,0002,,Harvey Nichols,London,W4 4HS,A
mastercard,92042453,harvey-nichols,0009,,Harvey Nichols,BRISTOL,BS1 3BZ,A
visa,19410121,harvey-nichols,0002,,Harvey Nichols,London,W4 4HS,A
visa,92052253,harvey-nichols,0020,,Harvey Nichols,London,SE1 9PH,A
visa,92042453,harvey-nichols,0009,,Harvey Nichols,Bristol,BS1 3BZ,A
mastercard,65119011,harvey-nichols,0018,,Harvey Nichols,LIVERPOOL,L1 3DL,A
mastercard,95049623,harvey-nichols,0003,,Harvey Nichols,BIRMINGHAM,B1 1RE,A
mastercard,3562813,harvey-nichols,0001,,Harvey Nichols,LONDON,SW1X 7RJ,A
mastercard,62456821,harvey-nichols,0004,,Harvey Nichols,LEEDS,LS1 6AZ,A
mastercard,3562073,harvey-nichols,0001,,Harvey Nichols,LONDON,SW1X 7RJ,A
mastercard,80289201,harvey-nichols,0001,,Harvey Nichols,LONDON,SW1X 7RJ,A
mastercard,3561683,harvey-nichols,0001,,Harvey Nichols,LONDON,SW1X 7RJ,A
mastercard,3163221,harvey-nichols,0005,,Harvey Nichols,EDINBURGH,EH2 2AD,A
mastercard,87255901,harvey-nichols,0006,,Harvey Nichols,MANCHESTER,M1 1AD,A
mastercard,3560373,harvey-nichols,0003,,Harvey Nichols,BIRMINGHAM,B1 1RE,A
visa,51428981,harvey-nichols,0009,,Harvey Nichols,Bristol,BS1 3BZ,A
mastercard,19410121,harvey-nichols,0002,,Harvey Nichols,LONDON,W4 4HS,A
mastercard,3560113,harvey-nichols,0003,,Harvey Nichols,BIRMINGHAM,B1 1RE,A
visa,92041563,harvey-nichols,0005,,Harvey Nichols,Edinburgh,EH2 2AD,A
mastercard,3559503,harvey-nichols,0003,,Harvey Nichols,BIRMINGHAM,B1 1RE,A
mastercard,3561263,harvey-nichols,0003,,Harvey Nichols,BIRMINGHAM,B1 1RE,A
