visa,15819661,wasabi-club,A025,,Wasabi Club,London,NW1 3AX,A
visa,1510538,wasabi-club,A063,,Wasabi Club,London,SE1 2TF,A
visa,1510571,wasabi-club,A043,,Wasabi Club,London,WC2R 0LT,A
mastercard,1589439,wasabi-club,,,Wasabi Club,London,SW15 1SU,A
visa,15815601,wasabi-club,A055,,Wasabi Club,London,W1T 1BG,A
visa,1510548,wasabi-club,A061,,Wasabi Club,London,EC3M 7HB,A
mastercard,15818591,wasabi-club,A042,,Wasabi Club,London,EC2M 4NR,A
amex,9447911678,wasabi-club,,,Wasabi Club,London,EC4M 9AF,A
mastercard,1594089,wasabi-club,,,Wasabi Club,London,KT1 1RB,A
mastercard,1510545,wasabi-club,A077,,Wasabi Club,Oxford,OX1 3EX,A
amex,9449137736,wasabi-club,,,Wasabi Club,London,NC1 4AG,A
visa,1510591,wasabi-club,A018,,Wasabi Club,London,SW3 1BW,A
mastercard,1510552,wasabi-club,A071,,Wasabi Club,Birmingham,B2 4QA,A
mastercard,15820061,wasabi-club,A030,,Wasabi Club,London,EC4M 9AF,A
visa,15819901,wasabi-club,A028,,Wasabi Club,London,EC4M 7EJ,A
mastercard,1510553,wasabi-club,A067,,Wasabi Club,London,W1C 2DX,A
visa,1510561,wasabi-club,A052,,Wasabi Club,Leeds,LS1 5AY,A
visa,15818751,wasabi-club,A044,,Wasabi Club,Greenhithe,DA9 9ST,A
mastercard,20756951,wasabi-club,A062,,Wasabi Club,London,W1D 5JY,A
mastercard,1234567890,wasabi-club,,,Wasabi Club,123 Fake Road,TE5 5IN,A
amex,8177110863,wasabi-club,,,Wasabi Club,London,NW1 7BU,A
mastercard,1510567,wasabi-club,A049,,Wasabi Club,London,W8 5SF,A
mastercard,15419601,wasabi-club,A014,,Wasabi Club,London,E14 4QS,A
amex,9447911603,wasabi-club,,,Wasabi Club,London,WC1V 6RD,A
visa,16434511,wasabi-club,A017,,Wasabi Club,London,W1T 5AU,A
mastercard,1510581,wasabi-club,A030,,Wasabi Club,London,EC4M 9AF,A
mastercard,28113051,wasabi-club,A079,,Wasabi Club,Cambridge,CB1 2JW,A
mastercard,19449251,wasabi-club,A069,,Wasabi Club,London,NC1 4AG,A
visa,1510578,wasabi-club,A034,,Wasabi Club,London,SW1V 1JU,A
mastercard,1510586,wasabi-club,A025,,Wasabi Club,London,NW1 3AX,A
mastercard,1510562,wasabi-club,A009,,Wasabi Club,London,SE10 0DY,A
visa,22762511,wasabi-club,A061,,Wasabi Club,London,EC3M 7HB,A
visa,15818591,wasabi-club,A042,,Wasabi Club,London,EC2M 4NR,A
mastercard,1510537,wasabi-club,Z001,,Wasabi Club,London,SW1E 5NA,A
mastercard,15819411,wasabi-club,,,Wasabi Club,London,W1C 2PN,A
amex,9447911801,wasabi-club,,,Wasabi Club,London,W1C 2PN,A
visa,16434691,wasabi-club,A018,,Wasabi Club,London,SW3 1BW,A
visa,15818001,wasabi-club,A034,,Wasabi Club,London,SW1V 1JU,A
mastercard,1510575,wasabi-club,A036,,Wasabi Club,London,WC1V 6RD,A
mastercard,20757111,wasabi-club,A063,,Wasabi Club,London,SE1 1NE,A
mastercard,1510596,wasabi-club,A014,,Wasabi Club,London,E14 4QS,A
amex,9608344594,wasabi-club,,,Wasabi Club,Lakeside,RM20 2ZP,A
mastercard,24894661,wasabi-club,A076,,Wasabi Club,London,W5 5JY,A
mastercard,15816021,wasabi-club,A052,,Wasabi Club,Leeds,LS1 5AY,A
mastercard,1510576,wasabi-club,A035,,Wasabi Club,London,W1D 7EH,A
mastercard,34475471,wasabi-club,A085,,Wasabi Club,London,WC1N 1LJ,A
visa,15818181,wasabi-club,A035,,Wasabi Club,London,W1D 7EH,A
visa,38589741,wasabi-club,,,Wasabi Club,London,SW1E 5NA,A
amex,9447911793,wasabi-club,,,Wasabi Club,London,W1T 5AU,A
amex,9447911751,wasabi-club,A001,,Wasabi Club,London,WC2N 6NJ,A
visa,20757291,wasabi-club,A068,,Wasabi Club,Cambridge,CB2 3NB,A
mastercard,15818181,wasabi-club,A035,,Wasabi Club,London,W1D 7EH,A
amex,9449864867,wasabi-club,,,Wasabi Club,Oxford,OX1 3EX,A
visa,20756951,wasabi-club,A062,,Wasabi Club,London,W1D 5JY,A
mastercard,16434691,wasabi-club,A018,,Wasabi Club,London,SW3 1BW,A
visa,000000024894661,wasabi-club,,,Wasabi Club,London,W5 5JY,A
visa,1510586,wasabi-club,A025,,Wasabi Club,London,NW1 3AX,A
visa,15819331,wasabi-club,A020,,Wasabi Club,London,SE1 8SW,A
amex,8379287220,wasabi-club,,,Wasabi Club,London,SW11 1SA,A
mastercard,15818001,wasabi-club,A034,,Wasabi Club,London,SW1V 1JU,A
mastercard,15819901,wasabi-club,A028,,Wasabi Club,London,EC4M 7EJ,A
amex,9447911611,wasabi-club,A013,,Wasabi Club,London,EC4Y 1EU,A
amex,9447911637,wasabi-club,,,Wasabi Club,London,N1C 2LE,A
mastercard,1510589,wasabi-club,A002,,Wasabi Club,London,W1J 0DS,A
visa,15419781,wasabi-club,A037,,Wasabi Club,London,N1C 4AL,A
mastercard,15818261,wasabi-club,A036,,Wasabi Club,London,WC1V 6RD,A
mastercard,22762511,wasabi-club,A061,,Wasabi Club,London,EC3M 7HB,A
mastercard,20757291,wasabi-club,A068,,Wasabi Club,Cambridge,CB2 3NB,A
amex,9601052913,wasabi-club,,,Wasabi Club,London,NW1 7JY,A
visa,1594089,wasabi-club,,,Wasabi Club,London,KT1 1RB,A
mastercard,1510546,wasabi-club,A076,,Wasabi Club,London,W5 5JY,A
amex,8379907942,wasabi-club,,,Wasabi Club,London,KT1 1RB,A
mastercard,1510587,wasabi-club,A030,,Wasabi Club,London,EC2M 7PY,A
visa,15818261,wasabi-club,A036,,Wasabi Club,London,WC1V 6RD,A
mastercard,20757031,wasabi-club,A065,,Wasabi Club,Luton,LU2 9LY,A
visa,000000016434361,wasabi-club,,,Wasabi Club,London,EC1N 2LE,A
visa,1510573,wasabi-club,A038,,Wasabi Club,London,W6 9HW,A
amex,8175325539,wasabi-club,,,Wasabi Club,London,SE1 2TF,A
mastercard,1510595,wasabi-club,A015,,Wasabi Club,London,EC1N 2LE,A
mastercard,15419781,wasabi-club,A037,,Wasabi Club,London,N1C 4AL,A
mastercard,1510560,wasabi-club,A051,,Wasabi Club,Leeds,LS1 5AT,A
amex,9447911652,wasabi-club,A030,,Wasabi Club,London,EC2M 7PY,A
amex,8175325547,wasabi-club,,,Wasabi Club,London,SW1E 5NA,A
mastercard,1510578,wasabi-club,A034,,Wasabi Club,London,SW1V 1JU,A
visa,1510582,wasabi-club,A028,,Wasabi Club,London,EC4M 7EJ,A
amex,9447911819,wasabi-club,,,Wasabi Club,London,E14 4QS,A
visa,1510541,wasabi-club,A079,,Wasabi Club,Cambridge,CB1 2GA,A
visa,15816021,wasabi-club,A052,,Wasabi Club,Leeds,LS1 5AY,A
visa,15818671,wasabi-club,A043,,Wasabi Club,London,WC2R 0LT,A
amex,9600281760,wasabi-club,,,Wasabi Club,London,W5 5JY,A
visa,15816101,wasabi-club,A051,,Wasabi Club,Leeds,LS1 5AT,A
mastercard,1510540,wasabi-club,A081,,Wasabi Club,London,W2 1HA,A
visa,1510554,wasabi-club,A056,,Wasabi Club,Essex,RM20 2ZP,A
mastercard,20757371,wasabi-club,A067,,Wasabi Club,London,W1C 2DX,A
visa,39578671,wasabi-club,A200,,Wasabi Club,London,NW1 7BU,A
amex,9447875675,wasabi-club,,,Wasabi Club,London,WC2R 0LT,A
mastercard,1510599,wasabi-club,A011,,Wasabi Club,London,WC2B 6UN,A
visa,1510556,wasabi-club,A063,,Wasabi Club,London,SE1 1NE,A
mastercard,1510541,wasabi-club,A079,,Wasabi Club,Cambridge,CB1 2GA,A
visa,15815451,wasabi-club,A049,,Wasabi Club,London,W8 5SF,A
amex,9447911850,wasabi-club,,,Wasabi Club,London,WC2B 6UN,A
mastercard,1510557,wasabi-club,A065,,Wasabi Club,Luton,LU2 9LY,A
mastercard,1510543,wasabi-club,A078,,Wasabi Club,London,NW1 7JY,A
amex,9421724626,wasabi-club,,,Wasabi Club,Leeds,LS1 5AY,A
mastercard,16433941,wasabi-club,A011,,Wasabi Club,London,WC2B 6UN,A
mastercard,15819661,wasabi-club,A025,,Wasabi Club,London,NW1 3AX,A
visa,1510583,wasabi-club,A027,,Wasabi Club,London,W1K 5JN,A
mastercard,1510570,wasabi-club,A044,,Wasabi Club,Greenhithe,DA9 9ST,A
amex,9447911843,wasabi-club,,,Wasabi Club,London,EC1N 2LE,A
mastercard,39578671,wasabi-club,A200,,Wasabi Club,London,NW1 7BU,A
amex,9447875568,wasabi-club,,,Wasabi Club,London,EC2M 4NR,A
visa,1510555,wasabi-club,A062,,Wasabi Club,London,W1D 5JY,A
visa,20757031,wasabi-club,A065,,Wasabi Club,Luton,LU2 9LY,A
mastercard,15816101,wasabi-club,A051,,Wasabi Club,Leeds,LS1 5AT,A
amex,9447875634,wasabi-club,,,Wasabi Club,Kent,DA9 9SH,A
visa,1510595,wasabi-club,A015,,Wasabi Club,London,EC1N 2LE,A
amex,9449137702,wasabi-club,,,Wasabi Club,Cambridge,CB2 3NB,A
visa,1510567,wasabi-club,A049,,Wasabi Club,London,W8 5SF,A
mastercard,15818831,wasabi-club,A046,,Wasabi Club,London,SW7 3HZ,A
mastercard,15815601,wasabi-club,A055,,Wasabi Club,London,W1T 1BG,A
mastercard,15819331,wasabi-club,A020,,Wasabi Club,London,SE1 8SW,A
mastercard,25639551,wasabi-club,A077,,Wasabi Club,Oxford,OX1 3EX,A
visa,1510568,wasabi-club,A046,,Wasabi Club,London,SW7 3HZ,A
amex,9447911736,wasabi-club,,,Wasabi Club,London,W1D 7EH,A
visa,1510570,wasabi-club,A044,,Wasabi Club,Greenhithe,DA9 9ST,A
visa,1510584,wasabi-club,A026,,Wasabi Club,London,W6 9YE,A
mastercard,16434021,wasabi-club,A012,,Wasabi Club,London,EC2A 1AT,A
amex,9449137678,wasabi-club,,,Wasabi Club,London,SE1 1NE,A
visa,1510572,wasabi-club,A042,,Wasabi Club,London,EC2M 4NR,A
mastercard,15815451,wasabi-club,A049,,Wasabi Club,London,W8 5SF,A
visa,15819741,wasabi-club,A026,,Wasabi Club,London,W6 9YE,A
amex,9447911835,wasabi-club,,,Wasabi Club,London,SW3 1BW,A
mastercard,22495141,wasabi-club,A071,,Wasabi Club,Birmingham,B2 4QA,A
mastercard,1510558,wasabi-club,A068,,Wasabi Club,Cambridge,CB2 3NB,A
visa,1510545,wasabi-club,A077,,Wasabi Club,Oxford,OX1 3EX,A
visa,15820061,wasabi-club,A030,,Wasabi Club,London,EC4M 9AF,A
visa,1510560,wasabi-club,A051,,Wasabi Club,Leeds,LS1 5AT,A
mastercard,33392151,wasabi-club,A081,,Wasabi Club,London,W2 1HA,A
visa,1510558,wasabi-club,A068,,Wasabi Club,Cambridge,CB2 3NB,A
visa,1510557,wasabi-club,A065,,Wasabi Club,Luton,LU2 9LY,A
visa,38589661,wasabi-club,A063,,Wasabi Club,London,SE1 2TF,A
mastercard,1592832,wasabi-club,,,Wasabi Club,London,SW11 1SA,A
mastercard,16433861,wasabi-club,A001,,Wasabi Club,London,WC2N 6NJ,A
mastercard,1510554,wasabi-club,A056,,Wasabi Club,Essex,RM20 2ZP,A
visa,1510552,wasabi-club,A071,,Wasabi Club,Birmingham,B2 4QA,A
mastercard,38589741,wasabi-club,Z001,,Wasabi Club,London,SW1E 5NA,A
mastercard,15819741,wasabi-club,A026,,Wasabi Club,London,W6 9YE,A
mastercard,38589661,wasabi-club,A063,,Wasabi Club,London,SE1 2TF,A
visa,1510592,wasabi-club,A017,,Wasabi Club,London,W1T 5AU,A
visa,15819821,wasabi-club,A027,,Wasabi Club,London,W1K 5JN,A
mastercard,1510556,wasabi-club,A063,,Wasabi Club,London,SE1 1NE,A
visa,19449171,wasabi-club,A056,,Wasabi Club,Lakeside,RM20 2ZP,A
mastercard,18502701,wasabi-club,A078,,Wasabi Club,London,NW1 7JY,A
mastercard,1510571,wasabi-club,A043,,Wasabi Club,London,WC2R 0LT,A
visa,1524488,wasabi-club,A013,,Wasabi Club,London,EC4Y 1EU,A
visa,1510576,wasabi-club,A035,,Wasabi Club,London,W1D 7EH,A
visa,15819411,wasabi-club,,,Wasabi Club,London,W1C 2PN,A
mastercard,1510561,wasabi-club,A052,,Wasabi Club,Leeds,LS1 5AY,A
mastercard,1510555,wasabi-club,A062,,Wasabi Club,London,W1D 5JY,A
amex,9421717158,wasabi-club,,,Wasabi Club,London,SW7 3HZ,A
mastercard,16434101,wasabi-club,A013,,Wasabi Club,London,EC4Y 1EU,A
visa,1510543,wasabi-club,A078,,Wasabi Club,London,NW1 7JY,A
amex,9447911785,wasabi-club,,,Wasabi Club,London,W1K 5JN,A
visa,20757111,wasabi-club,A063,,Wasabi Club,London,SE1 1NE,A
mastercard,1510565,wasabi-club,A055,,Wasabi Club,London,W1T 1BG,A
visa,1510553,wasabi-club,A067,,Wasabi Club,London,W1C 2DX,A
visa,1510547,wasabi-club,A001,,Wasabi Club,London,WC2N 6NJ,A
visa,1510581,wasabi-club,A030,,Wasabi Club,London,EC4M 9AF,A
visa,18502701,wasabi-club,A078,,Wasabi Club,London,NW1 7JY,A
visa,25639551,wasabi-club,A077,,Wasabi Club,Oxford,OX1 3EX,A
amex,9447911827,wasabi-club,,,Wasabi Club,London,SW1EÂ  6RD,A
visa,1510539,wasabi-club,A085,,Wasabi Club,London,WC1N 1LJ,A
amex,9449137728,wasabi-club,,,Wasabi Club,London,W1C 2DX,A
mastercard,1510573,wasabi-club,A038,,Wasabi Club,London,W6 9HW,A
amex,9447911744,wasabi-club,,,Wasabi Club,London,SW1V 1JU,A
visa,1510588,wasabi-club,A020,,Wasabi Club,London,SE1 8SW,A
visa,28113051,wasabi-club,A079,,Wasabi Club,Cambridge,CB1 2JW,A
visa,1510562,wasabi-club,A009,,Wasabi Club,London,SE10 0DY,A
mastercard,1510539,wasabi-club,A085,,Wasabi Club,London,WC1N 1LJ,A
visa,15419601,wasabi-club,A014,,Wasabi Club,London,E14 4QS,A
mastercard,15818421,wasabi-club,A038,,Wasabi Club,London,W6 9HW,A
mastercard,15819251,wasabi-club,A002,,Wasabi Club,London,W1J 0DS,A
mastercard,15818751,wasabi-club,A044,,Wasabi Club,Greenhithe,DA9 9ST,A
visa,1510540,wasabi-club,A081,,Wasabi Club,London,W2 1HA,A
amex,9447911629,wasabi-club,,,Wasabi Club,London,W6 9YE,A
amex,9422065326,wasabi-club,,,Wasabi Club,London,W1T 1AZ,A
amex,9449801240,wasabi-club,,,Wasabi Club,London,EC3M 7HB,A
amex,9601447675,wasabi-club,,,Wasabi Club,Cambridge,CB1 2JW,A
mastercard,1510583,wasabi-club,A027,,Wasabi Club,London,W1K 5JN,A
amex,9447875683,wasabi-club,,,Wasabi Club,London,W6 9HW,A
visa,1510574,wasabi-club,A037,,Wasabi Club,London,N1C 4AL,A
amex,9447911777,wasabi-club,,,Wasabi Club,London,SE1 7LY,A
mastercard,1510572,wasabi-club,A042,,Wasabi Club,London,EC2M 4NR,A
visa,1510589,wasabi-club,A002,,Wasabi Club,London,W1J 0DS,A
mastercard,16434361,wasabi-club,A015,,Wasabi Club,London,EC1N 2LE,A
visa,1592832,wasabi-club,,,Wasabi Club,London,SW11 1SA,A
amex,8376890570,wasabi-club,,,Wasabi Club,London,SW15 1SU,A
visa,1510537,wasabi-club,Z001,,Wasabi Club,London,SW1E 5NA,A
mastercard,1510588,wasabi-club,A020,,Wasabi Club,London,SE1 8SW,A
amex,9449286962,wasabi-club,,,Wasabi Club,Birmingham,B2 4QA,A
visa,15815941,wasabi-club,A009,,Wasabi Club,London,SE10 0DY,A
amex,9447911710,wasabi-club,,,Wasabi Club,London,W1J 0DS,A
mastercard,1510559,wasabi-club,A069,,Wasabi Club,London,N1C 4AG,A
amex,9447143389,wasabi-club,,,Wasabi Club,London,EC2A 1AT,A
visa,1510587,wasabi-club,A030,,Wasabi Club,London,EC2M 7PY,A
amex,9447911728,wasabi-club,,,Wasabi Club,London,NW1 3AX,A
mastercard,1510582,wasabi-club,A028,,Wasabi Club,London,EC4M 7EJ,A
visa,15819251,wasabi-club,A002,,Wasabi Club,London,W1J 0DS,A
visa,1510565,wasabi-club,A055,,Wasabi Club,London,W1T 1BG,A
amex,9421721788,wasabi-club,,,Wasabi Club,London,W8 5SF,A
mastercard,1510584,wasabi-club,A026,,Wasabi Club,London,W6 9YE,A
mastercard,1510568,wasabi-club,A046,,Wasabi Club,London,SW7 3HZ,A
visa,1589439,wasabi-club,,,Wasabi Club,London,SW15 1SU,A
amex,9602941395,wasabi-club,,,Wasabi Club,London,W2 1HA,A
mastercard,15818671,wasabi-club,A043,,Wasabi Club,London,WC2R 0LT,A
visa,1510575,wasabi-club,A036,,Wasabi Club,London,WC1V 6RD,A
visa,22495141,wasabi-club,A071,,Wasabi Club,Birmingham,B2 4QA,A
mastercard,1510538,wasabi-club,A063,,Wasabi Club,London,SE1 2TF,A
mastercard,1510547,wasabi-club,A001,,Wasabi Club,London,WC2N 6NJ,A
mastercard,15819821,wasabi-club,A027,,Wasabi Club,London,W1K 5JN,A
visa,16433861,wasabi-club,A001,,Wasabi Club,London,WC2N 6NJ,A
amex,9447911702,wasabi-club,,,Wasabi Club,London,EC4M 7EJ,A
visa,1510546,wasabi-club,A076,,Wasabi Club,London,W5 5JY,A
amex,9421724592,wasabi-club,,,Wasabi Club,Leeds,LS1 5ES,A
amex,9449286988,wasabi-club,,,Wasabi Club,London,W1D 5JY,A
visa,15818421,wasabi-club,A038,,Wasabi Club,London,W6 9HW,A
mastercard,1524488,wasabi-club,A013,,Wasabi Club,London,EC4Y 1EU,A
amex,9603192212,wasabi-club,,,Wasabi Club,London,WC1N 1LJ,A
visa,16433941,wasabi-club,A011,,Wasabi Club,London,WC2B 6UN,A
mastercard,16434511,wasabi-club,A017,,Wasabi Club,London,W1T 5AU,A
amex,9447911868,wasabi-club,,,Wasabi Club,London,SE10 0DY,A
visa,16434021,wasabi-club,A012,,Wasabi Club,London,EC2A 1AT,A
visa,34475471,wasabi-club,A085,,Wasabi Club,London,WC1N 1LJ,A
amex,9449137710,wasabi-club,,,Wasabi Club,Luton,LU2 9LY,A
mastercard,1510591,wasabi-club,A018,,Wasabi Club,London,SW3 1BW,A
mastercard,1510592,wasabi-club,A017,,Wasabi Club,London,W1T 5AU,A
visa,16434101,wasabi-club,A013,,Wasabi Club,London,EC4Y 1EU,A
visa,19449251,wasabi-club,A069,,Wasabi Club,London,NC1 4AG,A
visa,1510599,wasabi-club,A011,,Wasabi Club,London,WC2B 6UN,A
visa,1510596,wasabi-club,A014,,Wasabi Club,London,E14 4QS,A
mastercard,15815941,wasabi-club,A009,,Wasabi Club,London,SE10 0DY,A
visa,33392151,wasabi-club,A081,,Wasabi Club,London,W2 1HA,A
visa,15818831,wasabi-club,A046,,Wasabi Club,London,SW7 3HZ,A
mastercard,1510548,wasabi-club,A061,,Wasabi Club,London,EC3M 7HB,A
mastercard,19449171,wasabi-club,A056,,Wasabi Club,Lakeside,RM20 2ZP,A
visa,1510559,wasabi-club,A069,,Wasabi Club,London,N1C 4AG,A
visa,20757371,wasabi-club,A067,,Wasabi Club,London,W1C 2DX,A
mastercard,1510574,wasabi-club,A037,,Wasabi Club,London,N1C 4AL,A
